City_ID,City,Lat,Lng,Max Temp,Humidity,Cloudiness,Wind Speed,Country,Date
0,puerto baquerizo moreno,-0.9,-89.6,24.55,61,75,6.17,EC,1730744648
1,olonkinbyen,70.9221,-8.7187,1.05,99,100,7.72,SJ,1730744649
2,luwuk,-0.9516,122.7875,22.28,83,94,1.96,ID,1730744651
3,san antonio de pale,-1.4014,5.6325,25.57,83,98,5.83,GQ,1730744652
4,ust-nera,64.5667,143.2,-25.45,99,98,1.28,RU,1730744653
5,tsiombe,-25.3,45.4833,22.97,81,9,8.26,MG,1730744654
6,sharm el-sheikh,27.8518,34.305,24.43,44,8,4.05,EG,1730744503
7,longyearbyen,78.2186,15.6401,-2.09,69,75,3.6,SJ,1730744371
8,valparaiso,-33.0393,-71.6273,24.13,49,0,8.75,CL,1730744657
9,dongola,19.1667,30.4833,23.41,22,0,4.91,SD,1730744658
10,sitka,57.0531,-135.33,5.94,81,75,2.06,US,1730744660
11,carnarvon,-24.8667,113.6333,19.73,73,3,8.67,AU,1730744661
12,fale old settlement,-9.3852,-171.2468,25.58,92,100,9.36,TK,1730744662
13,wailua homesteads,22.0669,-159.378,25.44,83,75,6.17,US,1730744663
14,edinburgh of the seven seas,-37.0676,-12.3116,13.9,73,80,3.42,SH,1730744664
15,bhakkar,31.6253,71.0657,25.92,21,3,1.62,PK,1730744665
16,bredasdorp,-34.5322,20.0403,11.22,75,76,4.16,ZA,1730744666
17,la passe,45.5549,-0.8967,16.34,83,34,3.41,FR,1730744667
18,bilibino,68.0546,166.4372,-26.64,100,82,1.52,RU,1730744669
19,punta arenas,-53.15,-70.9167,11.06,50,75,8.75,CL,1730744670
20,lerwick,60.1545,-1.1494,10.03,93,100,2.62,GB,1730744671
21,west island,-12.1568,96.8225,25.99,94,75,6.17,CC,1730744673
22,puerto natales,-51.7236,-72.4875,12.25,47,75,11.83,CL,1730744674
23,waitangi,-43.9535,-176.5597,8.23,96,64,3.87,NZ,1730744675
24,grytviken,-54.2811,-36.5092,6.22,56,89,9.98,GS,1730744676
25,tura,25.5198,90.2201,21.76,79,16,1.73,IN,1730744677
26,obihiro,42.9172,143.2044,5.63,67,24,7.01,JP,1730744678
27,jamestown,42.097,-79.2353,17.23,46,0,4.12,US,1730744679
28,port mathurin,-19.6833,63.4167,23.93,76,99,5.86,MU,1730744680
29,laojunmiao,39.8333,97.7333,4.96,32,4,2.11,CN,1730744681
30,albany,42.6001,-73.9662,10.36,59,100,1.79,US,1730744683
31,port elizabeth,-33.918,25.5701,13.16,96,75,4.63,ZA,1730744684
32,mumford,5.2618,-0.759,26.88,81,8,3.5,GH,1730744685
33,laguna,38.421,-121.4238,15.26,54,0,2.57,US,1730744686
34,howrah,22.5892,88.3103,26.0,83,20,1.54,IN,1730744687
35,tual,-5.6667,132.75,27.9,77,100,5.26,ID,1730744688
36,port-aux-francais,-49.35,70.2167,6.48,84,96,15.34,TF,1730744689
37,east london,-33.0153,27.9116,12.52,94,100,7.72,ZA,1730744690
38,port lincoln,-34.7333,135.8667,15.74,76,77,4.39,AU,1730744691
39,thompson,55.7435,-97.8558,0.09,93,100,3.6,CA,1730744692
40,hermanus,-34.4187,19.2345,10.45,68,33,6.7,ZA,1730744693
41,rizokarpaso,35.6,34.375,21.17,60,33,4.62,CY,1730744695
42,mount isa,-20.7333,139.5,21.87,53,9,1.54,AU,1730744696
43,blackmans bay,-43.0167,147.3167,5.41,85,44,0.45,AU,1730744697
44,nenjiang,49.1833,125.2167,-4.42,68,100,4.35,CN,1730744698
45,ouargaye,11.5033,0.0572,28.64,21,8,3.0,BF,1730744699
46,adamstown,-25.066,-130.1015,21.19,75,100,6.08,PN,1730744700
47,wenling,28.3669,121.36,17.72,81,100,5.4,CN,1730744701
48,lorengau,-2.0226,147.2712,26.59,77,100,0.58,PG,1730744703
49,bethel,41.3712,-73.414,13.36,59,0,3.09,US,1730744704
50,jieshi,22.8134,115.8257,23.76,75,75,6.97,CN,1730744705
51,ushuaia,-54.8,-68.3,8.81,66,75,8.75,AR,1730744706
52,vila franca do campo,37.7167,-25.4333,21.23,99,41,4.49,PT,1730744707
53,yauya,-8.9833,-77.3,18.32,40,82,2.55,PE,1730744708
54,tamanrasset,22.785,5.5228,23.95,23,40,3.6,DZ,1730744709
55,ilulissat,69.2167,-51.1,-2.99,80,75,6.69,GL,1730744710
56,rongelap,11.1635,166.8941,26.43,84,100,6.9,MH,1730744711
57,kuta,-8.7233,115.1723,27.97,94,75,2.57,ID,1730744712
58,yigo village,13.5361,144.8886,27.16,84,40,5.14,GU,1730744713
59,anadyr,64.75,177.4833,-7.72,73,20,9.0,RU,1730744715
60,kodiak,57.79,-152.4072,-3.27,80,0,2.57,US,1730744716
61,susuman,62.7833,148.1667,-25.0,99,100,1.37,RU,1730744717
62,petropavlovsk-kamchatsky,53.0452,158.6483,-8.67,67,0,4.0,RU,1730744718
63,happy valley-goose bay,53.3168,-60.3315,1.17,47,75,5.14,CA,1730744719
64,tazovsky,67.4667,78.7,-4.12,94,100,10.25,RU,1730744720
65,kota belud,6.351,116.4305,24.44,90,100,1.96,MY,1730744721
66,utrik,11.2278,169.8474,26.99,75,100,0.61,MH,1730744722
67,iskateley,67.6803,53.1512,-2.01,97,99,3.95,RU,1730744723
68,sarangani,5.4033,125.4636,28.51,76,29,5.66,PH,1730744724
69,taoudenni,22.6783,-3.9836,31.18,12,4,1.99,ML,1730744727
70,guerrero negro,27.9769,-114.0611,21.39,44,0,6.14,MX,1730744728
71,mezhdurechenskiy,59.6,65.9333,-1.11,92,100,5.37,RU,1730744729
72,sandefjord,59.1312,10.2167,9.59,98,100,2.57,NO,1730744730
73,nuuk,64.1835,-51.7216,-1.66,80,75,2.57,GL,1730744731
74,venta de banos,41.9371,-4.4645,16.21,70,45,2.33,ES,1730744732
75,koge,55.458,12.1821,10.27,87,100,2.06,DK,1730744733
76,isafjordur,66.0755,-23.124,5.02,70,75,1.03,IS,1730744734
77,peace river,56.2501,-117.286,1.17,86,0,2.06,CA,1730744735
78,saipan,15.1355,145.701,28.39,84,40,5.14,MP,1730744736
79,romanovskaya,47.5426,42.0285,3.56,69,82,9.44,RU,1730744738
80,qaqortoq,60.7167,-46.0333,-6.4,78,21,2.19,GL,1730744739
81,kuala terengganu,5.3302,103.1408,25.97,89,20,1.03,MY,1730744740
82,badger,64.8,-147.5333,-7.86,88,75,1.54,US,1730744741
83,sao tome,0.3365,6.7273,25.81,87,99,2.52,ST,1730744742
84,urangan,-25.3,152.9,23.1,70,7,3.91,AU,1730744743
85,bozkurt,41.9577,34.0109,8.87,67,40,4.74,TR,1730744744
86,olyokminsk,60.3736,120.4264,-20.62,100,89,0.61,RU,1730744745
87,arraial do cabo,-22.9661,-42.0278,25.92,78,75,10.29,BR,1730744746
88,praia da vitoria,38.7333,-27.0667,21.14,83,40,8.72,PT,1730744748
89,aiquile,-18.2041,-65.1807,28.39,31,14,6.74,BO,1730744750
90,seguin,29.5688,-97.9647,30.24,65,100,8.23,US,1730744751
91,yellowknife,62.456,-114.3525,-2.55,99,75,1.54,CA,1730744474
92,port alfred,-33.5906,26.891,12.32,96,100,1.34,ZA,1730744753
93,rioblanco,3.5308,-75.6806,20.9,65,100,2.52,CO,1730744754
94,lebu,-37.6167,-73.65,13.85,66,100,4.03,CL,1730744755
95,georgetown,5.4112,100.3354,26.96,83,20,2.06,MY,1730744756
96,ayutinskiy,47.77,40.14,2.4,74,85,9.48,RU,1730744757
97,macau,22.2006,113.5461,24.85,73,40,5.14,MO,1730744759
98,invercargill,-46.4,168.35,11.68,94,93,2.24,NZ,1730744760
99,nizhnyaya omka,55.4338,74.9426,-0.62,64,4,7.33,RU,1730744762
100,howard springs,-12.497,131.047,25.95,90,100,1.39,AU,1730744763
101,hawaiian paradise park,19.5933,-154.9731,22.73,100,100,2.57,US,1730744764
102,dolores,-36.3132,-57.6792,16.2,88,100,4.26,AR,1730744765
103,vila velha,-20.3297,-40.2925,25.97,88,75,5.66,BR,1730744766
104,labrador city,52.9463,-66.9114,-1.57,69,100,3.6,CA,1730744767
105,kavaratti,10.5669,72.642,28.53,69,62,2.15,IN,1730744768
106,regeneracao,-6.2378,-42.6883,40.6,18,80,2.74,BR,1730744769
107,orkney,-26.9802,26.6727,25.81,25,98,6.54,ZA,1730744770
108,newman,37.3138,-121.0208,17.8,39,0,4.02,US,1730744771
109,kingston,17.997,-76.7936,29.53,74,40,6.69,JM,1730744772
110,antalaha,-14.9003,50.2788,23.62,92,56,3.29,MG,1730744774
111,colonia,50.9333,6.95,10.63,80,0,1.03,DE,1730744775
112,as sulayyil,20.4607,45.5779,25.35,25,0,3.76,SA,1730744776
113,slave lake,55.2834,-114.769,1.99,64,0,1.54,CA,1730744777
114,sungailiat,-1.85,106.1333,25.37,90,98,2.61,ID,1730744778
115,geraldton,-28.7667,114.6,18.23,55,75,5.66,AU,1730744779
116,sarikei,2.1167,111.5167,23.08,99,100,0.64,MY,1730744780
117,flying fish cove,-10.4217,105.6791,25.82,100,100,3.6,CX,1730744781
118,jursinci,46.4847,15.9714,8.09,63,4,0.96,SI,1730744782
119,greymouth,-42.4667,171.2,9.06,97,100,3.28,NZ,1730744783
120,bejaia,36.7559,5.0843,19.6,73,0,2.06,DZ,1730744785
121,birobidzhan,48.8,132.95,-2.2,63,99,1.02,RU,1730744786
122,saldanha,-33.0117,17.9442,13.03,62,2,12.25,ZA,1730744787
123,dunedin,-45.8742,170.5036,11.56,98,100,1.54,NZ,1730744788
124,mangrol,21.1167,70.1167,27.89,64,0,2.03,IN,1730744789
125,floro,61.5996,5.0328,8.98,100,75,3.6,NO,1730744790
126,haiku-pauwela,20.9219,-156.3051,25.12,87,40,8.49,US,1730744792
127,quellon,-43.1167,-73.6167,12.57,57,100,7.19,CL,1730744793
128,bikenibeu village,1.3673,173.1241,27.98,78,20,3.09,KI,1730744795
129,la ronge,55.1001,-105.2842,3.14,75,20,2.57,CA,1730744796
130,jaguaruna,-28.615,-49.0256,21.69,92,93,4.27,BR,1730744797
131,san luis de la loma,17.2706,-100.8939,29.11,68,6,2.37,MX,1730744798
132,cassia,-20.5831,-46.9219,20.7,92,100,1.45,BR,1730744799
133,touros,-5.1989,-35.4608,27.88,63,44,7.23,BR,1730744800
134,bechar,31.6167,-2.2167,21.18,35,99,1.54,DZ,1730744801
135,marka,1.7159,44.7717,25.83,86,36,3.5,SO,1730744802
136,mount gambier,-37.8333,140.7667,5.75,97,6,1.74,AU,1730744803
137,saint-philippe,-21.3585,55.7679,23.41,85,47,3.59,RE,1730744804
138,roma,43.2128,-75.4557,12.05,44,100,5.68,US,1730744759
139,xiulin,29.7167,112.4,17.92,36,96,5.68,CN,1730744807
140,whitehorse,60.7161,-135.0538,-6.57,85,75,0.0,CA,1730744772
141,stanley,54.868,-1.6985,9.01,90,75,1.03,GB,1730744809
142,zaozersk,69.4005,32.4476,-1.17,77,83,7.02,RU,1730744810
143,ancud,-41.8697,-73.8203,11.55,83,100,9.42,CL,1730744811
144,cabedelo,-6.9811,-34.8339,29.37,59,17,6.71,BR,1730744812
145,tsetserleg,47.475,101.4542,-5.17,45,41,2.12,MN,1730744813
146,shahr sultan,29.5765,71.0212,27.16,21,0,1.83,PK,1730744814
147,wynyard,-41.0,145.7167,7.33,94,70,2.2,AU,1730744815
148,ribeira grande,38.5167,-28.7,21.54,88,40,9.83,PT,1730744816
149,chonchi,-42.6128,-73.8092,12.84,62,100,5.6,CL,1730744817
150,coquimbo,-29.9533,-71.3436,20.85,50,0,7.2,CL,1730744820
151,udachny,66.4167,112.4,-22.78,100,83,3.93,RU,1730744821
152,douz,33.4663,9.0203,24.39,36,19,2.02,TN,1730744822
153,hamilton,39.1834,-84.5333,24.22,60,0,6.17,US,1730744823
154,edinboro,41.8742,-80.1317,20.04,56,100,7.81,US,1730744754
155,totness,5.8833,-56.3167,31.27,59,95,5.72,SR,1730744825
156,hithadhoo,-0.6,73.0833,28.2,68,18,5.02,MV,1730744826
157,nahiyat ghammas,31.7431,44.6196,23.25,46,0,4.9,IQ,1730744828
158,fort mcmurray,56.7268,-111.381,-3.23,93,100,1.54,CA,1730744829
159,francistown,-21.17,27.5079,29.6,10,4,6.38,BW,1730744830
160,saint croix,17.7397,-64.7388,31.25,73,40,3.09,VI,1730744831
161,labasa,-16.4167,179.3833,23.0,90,56,2.3,FJ,1730744832
162,nemuro,43.3236,145.575,8.74,71,57,9.51,JP,1730744833
163,sidi qacem,34.2215,-5.7078,23.6,49,51,1.52,MA,1730744835
164,vorgashor,67.5833,63.95,-4.49,93,99,8.28,RU,1730744836
165,basey,11.2817,125.0683,23.75,95,88,1.41,PH,1730744837
166,meadow lake,34.8014,-106.5436,4.83,91,100,3.51,US,1730744838
167,tiksi,71.6872,128.8694,-26.64,99,79,2.06,RU,1730744840
168,iqaluit,63.7506,-68.5145,-5.15,74,100,2.06,CA,1730744841
169,chivacoa,10.1603,-68.895,27.01,86,94,2.81,VE,1730744842
170,vieste,41.8825,16.175,15.68,76,6,4.97,IT,1730744843
171,xam nua,20.4197,104.0439,15.15,95,87,0.78,LA,1730744844
172,salalah,17.0151,54.0924,28.05,74,20,1.03,OM,1730744845
173,kvissleby,62.2936,17.375,0.91,79,100,4.75,SE,1730744846
174,pasuruan,-7.6453,112.9075,25.71,76,58,1.86,ID,1730744847
175,dongargarh,21.2,80.7333,20.55,59,0,1.71,IN,1730744848
176,manokwari,-0.8667,134.0833,25.96,74,78,1.62,ID,1730744849
177,hobyo,5.3505,48.5268,27.09,80,59,5.33,SO,1730744852
178,konya,38.1667,32.5,5.71,59,18,1.56,TR,1730744853
179,tahe,52.3333,124.7333,-17.5,97,40,1.73,CN,1730744854
180,tchollire,8.4022,14.1698,25.56,40,67,1.14,CM,1730744855
181,tolanaro,-25.0319,46.9987,25.04,83,40,9.26,MG,1730744856
182,buka,40.8108,69.1986,17.09,47,100,2.93,UZ,1730744857
183,podborany,50.2294,13.4119,5.5,87,7,0.71,CZ,1730744858
184,atafu village,-8.5421,-172.5159,28.14,76,100,9.75,TK,1730744859
185,margaret river,-33.95,115.0667,15.92,64,100,6.96,AU,1730744860
186,badagry,6.4167,2.8833,27.16,78,28,2.42,NG,1730744861
187,uturoa,-16.7333,-151.4333,26.09,81,100,5.38,PF,1730744862
188,lazaro cardenas,17.9583,-102.2,29.65,62,19,2.17,MX,1730744864
189,duminichi,53.9345,35.1099,-2.77,85,96,5.13,RU,1730744865
190,remire-montjoly,4.9167,-52.2667,33.02,55,0,7.72,GF,1730744866
191,poronaysk,49.2167,143.1167,-2.67,73,100,4.27,RU,1730744867
192,sydney mines,46.2367,-60.2177,7.22,61,75,6.17,CA,1730744868
193,taguatinga,-12.3857,-46.5711,36.82,24,81,2.54,BR,1730744869
194,enewetak,11.3474,162.3373,28.16,75,100,3.56,MH,1730744870
195,cidade velha,14.9167,-23.6167,27.26,69,20,8.23,CV,1730744871
196,whakatane,-37.9585,176.9854,6.82,85,17,2.55,NZ,1730744872
197,oranjemund,-28.55,16.4333,13.41,61,26,12.54,NA,1730744873
198,college,64.8569,-147.8028,-8.64,87,75,1.54,US,1730744874
199,broken hill,-31.95,141.4333,18.66,42,30,4.06,AU,1730744876
200,doaba,33.4244,70.7364,20.28,33,4,0.85,PK,1730744877
201,puerto ayora,-0.7393,-90.3518,21.31,67,50,5.2,EC,1730744878
202,aasiaat,68.7098,-52.8699,-6.74,94,100,1.39,GL,1730744879
203,fort bragg,35.139,-79.006,22.75,60,0,2.57,US,1730744880
204,salahonda,2.1019,-78.7217,25.19,80,100,5.78,CO,1730744881
205,vilyuchinsk,52.9306,158.4028,-7.85,79,47,3.34,RU,1730744882
206,edd,13.9297,41.6925,29.5,64,10,4.37,ER,1730744883
207,kokoda,-8.8785,147.7407,23.31,96,87,0.12,PG,1730744884
208,harstad,68.799,16.5293,3.42,94,100,5.81,NO,1730744885
209,juan griego,11.0817,-63.9655,27.07,78,41,3.6,VE,1730744886
210,papatowai,-46.5619,169.4708,10.32,93,97,2.61,NZ,1730744888
211,kratie,12.4881,106.0188,23.43,98,100,0.99,KH,1730744889
212,sinop,41.7711,34.8709,4.65,81,46,1.98,TR,1730744890
213,coos bay,43.3665,-124.2179,11.3,93,100,5.14,US,1730744891
214,saudarkrokur,65.7461,-19.6394,4.25,94,100,3.36,IS,1730744892
215,kegen,43.0197,79.2203,5.71,47,68,2.86,KZ,1730744893
216,st. john's,47.5649,-52.7093,3.32,67,100,5.66,CA,1730744894
217,nova sintra,14.8667,-24.7167,26.81,76,29,6.44,CV,1730744895
218,jolo,6.05,121.0167,25.48,91,70,1.25,PH,1730744896
219,carutapera,-1.195,-46.02,29.92,55,83,5.27,BR,1730744897
220,yuzhno-kurilsk,44.0306,145.8556,8.05,73,47,12.69,RU,1730744898
221,celestun,20.8667,-90.4,30.75,60,0,1.42,MX,1730744900
222,cedral,23.8,-100.7333,25.9,21,3,8.09,MX,1730744901
223,kapuskasing,49.4169,-82.4331,6.05,100,100,5.14,CA,1730744902
224,hammerfest,70.6634,23.6821,3.25,65,75,2.57,NO,1730744903
225,hadibu,12.65,54.0333,26.43,80,29,3.57,YE,1730744904
226,salavat,53.3837,55.9077,-1.87,69,100,2.74,RU,1730744905
227,krasnyy chikoy,50.3643,108.7512,-9.38,74,1,0.94,RU,1730744906
228,porangatu,-13.4408,-49.1486,30.85,50,100,1.73,BR,1730744907
229,vernon,50.2581,-119.2691,5.25,86,100,3.09,CA,1730744908
230,de aar,-30.6497,24.0123,9.12,65,65,12.87,ZA,1730744909
231,dudinka,69.4058,86.1778,-5.32,88,90,8.53,RU,1730744911
232,vallenar,-28.5708,-70.7581,27.55,19,0,5.31,CL,1730744912
233,alacranes,22.7675,-81.5675,29.44,61,6,6.28,CU,1730744913
234,qamdo,31.1667,97.2333,1.08,69,100,2.7,CN,1730744914
235,port saint john's,-31.6229,29.5448,16.07,89,100,5.87,ZA,1730744915
236,zuunmod,47.7069,106.9528,-16.43,41,15,1.38,MN,1730744916
237,greenville,35.6127,-77.3663,23.97,66,40,2.57,US,1730744917
238,peterhead,57.5058,-1.7981,9.81,80,100,4.16,GB,1730744918
239,tago,9.0211,126.2317,24.36,90,100,1.88,PH,1730744919
240,camargo,27.6667,-105.1667,22.63,20,0,5.57,MX,1730744920
241,usinsk,65.9939,57.5281,-3.42,95,100,8.97,RU,1730744921
242,gisborne,-38.6533,178.0042,9.78,84,34,2.43,NZ,1730744923
243,fort-shevchenko,44.5086,50.263,9.0,63,28,4.95,KZ,1730744924
244,bubaque,11.2833,-15.8333,28.46,76,0,3.94,GW,1730744925
245,mbandaka,0.0487,18.2603,22.2,91,99,1.44,CD,1730744926
246,mount vernon,40.9126,-73.8371,14.8,58,75,4.63,US,1730744927
247,road town,18.4167,-64.6167,30.02,79,40,2.57,VG,1730744928
248,piacabucu,-10.4056,-36.4344,27.85,56,29,5.33,BR,1730744929
249,lihue,21.9789,-159.3672,25.77,73,75,6.17,US,1730744930
250,ulsteinvik,62.3432,5.8487,12.09,89,100,0.45,NO,1730744931
251,freistadt,48.511,14.5045,2.45,77,7,2.2,AT,1730744932
252,richfield,44.8833,-93.283,14.36,95,100,4.63,US,1730744933
253,polyarnyy,69.1989,33.4478,0.77,75,98,8.94,RU,1730744935
254,dahab,28.501,34.5134,24.63,41,9,3.52,EG,1730744936
255,oriximina,-1.7656,-55.8661,33.97,44,68,1.73,BR,1730744937
256,yeed,4.55,43.0333,28.98,51,97,3.89,SO,1730744939
257,weno,7.4515,151.8468,28.97,84,100,3.6,FM,1730744940
258,zemio,5.0314,25.1361,21.78,96,98,1.88,CF,1730744941
259,talnakh,69.4865,88.3972,-4.73,95,93,5.76,RU,1730744942
260,ladario,-19.0047,-57.6017,36.05,49,20,2.57,BR,1730744943
261,pangody,65.85,74.4859,-6.4,94,99,5.93,RU,1730744944
262,linping,30.4225,120.2972,16.97,83,80,2.77,CN,1730744945
263,new norfolk,-42.7826,147.0587,6.07,98,67,1.38,AU,1730744947
264,xilin hot,43.9667,116.0333,-3.75,44,2,3.93,CN,1730744948
265,vanimo,-2.6741,141.3028,25.29,90,83,2.29,PG,1730744949
266,conception bay south,47.4999,-52.9981,3.19,64,100,7.2,CA,1730744950
267,fuglafjordur,62.244,-6.814,9.96,94,100,4.06,FO,1730744951
268,soe,-9.8607,124.284,18.6,93,54,1.83,ID,1730744952
269,bandar abbas,27.1865,56.2808,27.99,69,0,2.06,IR,1730744953
270,keflavik,64.0049,-22.5624,7.24,81,100,3.09,IS,1730744954
271,awjilah,29.1081,21.2869,20.19,43,0,2.55,LY,1730744955
272,nar'yan-mar,67.6713,53.087,-2.06,97,99,3.95,RU,1730744956
273,vershino-darasunskiy,52.35,115.5167,-12.1,81,38,1.59,RU,1730744959
274,algarrobo,10.1869,-74.5753,27.88,74,90,3.26,CO,1730744960
275,kolobrzeg,54.1757,15.5834,7.76,65,13,2.85,PL,1730744961
276,kapa'a,22.0752,-159.319,26.18,85,75,6.17,US,1730744962
277,bafq,31.6128,55.4107,25.67,23,2,1.58,IR,1730744963
278,shakawe,-18.3667,21.85,27.09,44,88,3.3,BW,1730744964
279,port macquarie,-31.4333,152.9167,20.04,93,82,1.34,AU,1730744965
280,lincroft,40.3307,-74.121,15.64,65,89,0.89,US,1730744966
281,papao,-17.75,-149.55,26.82,77,100,2.99,PF,1730744968
282,kondopoga,62.2057,34.2614,-2.17,71,12,3.71,RU,1730744969
283,vilyuysk,63.7553,121.6247,-20.96,100,90,1.2,RU,1730744970
284,tralee,52.2704,-9.7026,12.14,82,100,3.09,IE,1730744972
285,brookings,44.3114,-96.7984,11.73,84,100,7.72,US,1730744973
286,weyburn,49.6668,-103.8511,2.12,64,2,3.09,CA,1730744974
287,montepuez,-13.1256,38.9997,25.91,56,48,4.28,MZ,1730744975
288,narrabri,-30.3167,149.7833,21.39,50,31,1.71,AU,1730744700
289,sesvete,45.8311,16.1164,8.78,81,0,0.0,HR,1730744977
290,galesong,-5.3166,119.3661,26.56,77,76,1.67,ID,1730744979
291,kailua-kona,19.6406,-155.9956,25.98,75,0,0.0,US,1730744709
292,porto novo,6.4965,2.6036,27.9,68,20,1.79,BJ,1730744981
293,afaahiti,-17.75,-149.2833,24.47,84,99,4.31,PF,1730744982
294,wellington,-41.2866,174.7756,13.81,86,40,11.32,NZ,1730744983
295,avarua,-21.2078,-159.775,23.03,94,100,2.57,CK,1730744984
296,selkirk,50.1436,-96.8845,5.66,91,100,3.13,CA,1730744985
297,yaren,-0.5472,166.916,28.08,69,99,4.84,NR,1730744986
298,marat,25.0701,45.4615,25.4,22,0,3.5,SA,1730744987
299,ilebo,-4.3167,20.5833,22.43,97,97,0.75,CD,1730744989
300,kirikhan,36.4994,36.3576,16.93,67,40,2.06,TR,1730744990
301,shortandy,51.7006,70.9994,-2.31,79,46,4.44,KZ,1730744991
302,ambovombe,-25.1667,46.0833,22.71,83,5,8.75,MG,1730744992
303,merizo village,13.2658,144.6691,27.31,88,6,5.73,GU,1730744993
304,marathon,44.9,-89.7668,14.84,94,100,4.63,US,1730744994
305,genoa,44.4129,8.9573,17.39,77,0,1.54,IT,1730744995
306,jiayuguan,39.8167,98.3,5.25,31,7,2.63,CN,1730744996
307,tshabong,-26.05,22.45,23.33,16,76,10.44,BW,1730744997
308,lamu,-2.2717,40.902,26.6,84,84,5.63,KE,1730744556
309,mersa matruh,31.3525,27.2453,20.94,63,54,3.53,EG,1730744999
310,chippewa falls,44.9369,-91.3929,15.55,97,100,1.54,US,1730745001
311,tanhacu,-14.0214,-41.2481,29.62,39,100,5.54,BR,1730745002
312,pokhara,28.2333,83.9833,15.93,84,93,1.32,NP,1730745003
313,niksic,42.7731,18.9445,8.49,53,32,2.79,ME,1730745005
314,toliara,-23.35,43.6667,24.49,86,0,0.83,MG,1730745006
315,paita,-5.0892,-81.1144,21.48,74,25,7.82,PE,1730745007
316,hasaki,35.7333,140.8333,20.31,71,60,4.8,JP,1730745009
317,kyren,51.6828,102.1408,-2.59,59,87,1.26,RU,1730745010
318,plastun,44.7561,136.2939,-4.09,81,10,2.74,RU,1730745013
319,highland springs,37.546,-77.3278,18.93,67,75,0.89,US,1730745014
320,inhambane,-23.865,35.3833,24.99,88,20,5.14,MZ,1730745015
321,shetpe,44.1667,52.1167,4.81,65,0,2.66,KZ,1730745016
322,pisco,-13.7,-76.2167,23.03,64,0,6.17,PE,1730745017
323,yanam,16.7333,82.2167,23.63,77,25,1.2,IN,1730745018
324,isiro,2.7739,27.616,19.63,99,100,0.22,CD,1730745019
325,ibicui,-14.8417,-39.9867,29.63,37,100,4.44,BR,1730745021
326,cuyo,10.8525,121.0086,28.15,77,81,7.36,PH,1730745022
327,al ghayzah,16.2079,52.176,27.3,71,22,3.4,YE,1730745023
328,ta`u,-14.2336,-169.5144,27.61,83,100,4.96,AS,1730745024
329,saint-pierre,-21.3393,55.4781,23.82,78,20,1.54,RE,1730745025
330,jilib,0.4883,42.7854,24.36,90,90,2.13,SO,1730745026
331,mahina,-17.5065,-149.489,26.87,69,0,2.57,PF,1730745027
332,kone,-21.0595,164.8658,21.79,82,76,1.56,NC,1730745028
333,puerto madero,14.7208,-92.4215,31.11,66,40,2.57,MX,1730745029
334,constantia,44.1833,28.65,7.61,62,0,8.38,RO,1730745030
335,dowlatabad,32.7998,51.6955,12.82,58,0,4.12,IR,1730745031
336,brokopondo,4.75,-55.1667,33.45,46,100,1.99,SR,1730745033
337,padang,-0.9492,100.3543,26.03,90,90,1.3,ID,1730745034
338,puerto ayacucho,5.6639,-67.6236,30.02,69,100,1.16,VE,1730745035
339,richards bay,-28.783,32.0377,20.71,71,97,6.74,ZA,1730745036
340,walvis bay,-22.9575,14.5053,15.53,72,6,7.72,NA,1730745037
341,saquarema,-22.92,-42.5103,24.07,82,100,4.65,BR,1730745038
342,brisas de zicatela,15.8369,-97.0419,30.29,79,0,4.12,MX,1730745039
343,fort liberte,19.6678,-71.8397,29.9,69,100,3.61,HT,1730745040
344,vryburg,-26.9566,24.7284,23.04,15,100,7.29,ZA,1730745041
345,canto del llano,8.1761,-80.973,27.03,88,100,3.58,PA,1730745042
346,promyshlennaya,54.9159,85.6385,9.1,72,100,6.67,RU,1730745043
347,kirando,-7.4167,30.6,25.79,66,75,0.67,TZ,1730745045
348,amos,48.5669,-78.1162,1.99,88,100,4.87,CA,1730745046
349,okakarara,-20.5833,17.4333,27.62,20,92,5.31,NA,1730745047
350,omaruru,-21.4333,15.9333,23.14,20,0,4.09,NA,1730745048
351,lisakovsk,52.5369,62.4936,-1.23,63,100,3.68,KZ,1730745049
352,lompoc,34.6391,-120.4579,21.19,52,0,2.06,US,1730745050
353,gwanda,-20.9333,29.0,25.59,15,1,3.27,ZW,1730745051
354,lake carmel,41.4615,-73.671,13.7,60,0,3.09,US,1730745052
355,aripuana,-9.1667,-60.6333,29.33,66,100,1.94,BR,1730745053
356,mar del plata,-38.0023,-57.5575,19.01,74,0,2.06,AR,1730745054
357,salina,38.8403,-97.6114,14.61,94,100,3.09,US,1730744844
358,tabuk,17.4189,121.4443,22.56,94,36,2.14,PH,1730745058
359,vila do maio,15.1333,-23.2167,26.31,75,51,7.69,CV,1730745059
360,chaohu,31.6,117.8667,13.71,64,97,2.24,CN,1730745060
361,el calafate,-50.3408,-72.2768,9.92,46,6,5.99,AR,1730745061
362,holualoa,19.6228,-155.9522,24.93,82,0,0.0,US,1730745062
363,arkhangel'sk,64.5401,40.5433,1.06,100,100,5.0,RU,1730744912
364,altay,47.8667,88.1167,4.03,56,18,3.65,CN,1730745064
365,cabo san lucas,22.8909,-109.9124,26.17,47,0,5.66,MX,1730744875
366,okha,53.5739,142.9478,-3.04,83,59,4.83,RU,1730744892
367,altai,46.3722,96.2583,-3.62,62,9,1.29,MN,1730745069
368,xinmin,41.9908,122.8253,0.85,48,0,3.32,CN,1730745070
369,nasirabad,26.3,74.7333,24.12,32,0,2.66,IN,1730745071
370,morant bay,17.8815,-76.4093,27.09,87,100,6.04,JM,1730745072
371,castelli,-25.9468,-60.6195,33.72,41,86,1.86,AR,1730745073
372,cam pha mines,21.0167,107.3,20.26,87,100,1.84,VN,1730745074
373,antofagasta,-23.65,-70.4,18.6,75,26,4.76,CL,1730745075
374,nagqu,31.5,92.0,-2.11,28,100,1.57,CN,1730745076
375,zalingei,12.9096,23.4741,25.83,27,60,1.71,SD,1730745077
376,acapulco de juarez,16.8634,-99.8901,29.9,74,40,0.0,MX,1730745052
377,maragogi,-9.0122,-35.2225,26.5,58,7,4.33,BR,1730745080
378,khandyga,62.6667,135.6,-24.52,100,79,0.17,RU,1730745081
379,oyama,36.3,139.8,15.8,70,3,0.8,JP,1730745082
380,badiyah,22.45,58.8,25.6,46,3,1.43,OM,1730745083
381,tuban,-6.8976,112.0649,26.23,82,100,1.94,ID,1730745084
382,bucerias,20.75,-105.3333,29.43,69,20,3.09,MX,1730745085
383,joal-fadiout,14.1667,-16.8333,29.01,64,0,4.12,SN,1730745086
384,canatlan,24.5167,-104.7833,23.12,20,0,9.81,MX,1730745087
385,gadzhiyevo,69.2551,33.3362,-0.36,77,97,8.65,RU,1730745088
386,fort payne,34.4442,-85.7197,20.95,69,40,5.14,US,1730745089
387,kidal,18.4411,1.4078,28.09,16,0,4.8,ML,1730745090
388,tukrah,32.5341,20.5791,19.27,73,0,3.56,LY,1730745092
389,aykhal,66.0,111.5,-17.44,97,100,6.87,RU,1730745093
390,rocky mountain house,52.3668,-114.9188,-1.94,74,100,1.54,CA,1730745094
391,jacmel,18.2342,-72.5347,26.32,87,100,4.5,HT,1730745095
392,vorkuta,67.5,64.0,-3.99,92,100,7.98,RU,1730745097
393,pontes e lacerda,-15.2261,-59.3353,31.17,54,83,5.01,BR,1730745098
394,lapinlahti,65.5833,30.5667,-2.48,82,23,4.01,RU,1730745099
395,luderitz,-26.6481,15.1594,14.66,46,5,15.47,NA,1730745100
396,puerto la cruz,10.2167,-64.6167,27.88,78,100,4.37,VE,1730745101
397,ulladulla,-35.35,150.4667,15.16,84,100,1.21,AU,1730745102
398,kyaikkami,16.08,97.5675,26.46,77,59,3.32,MM,1730745104
399,kupang,-10.1667,123.5833,28.32,83,20,3.6,ID,1730745105
400,salacgriva,57.7536,24.3581,6.26,70,100,5.69,LV,1730745106
401,huilong,31.8111,121.655,15.01,69,100,5.16,CN,1730745107
402,upington,-28.4478,21.2561,15.21,25,0,8.23,ZA,1730745108
403,wewak,-3.5534,143.6268,26.16,83,88,2.43,PG,1730745109
404,kamiiso,41.8167,140.65,5.21,87,100,1.54,JP,1730745110
405,cockburn town,21.4612,-71.1419,28.07,80,100,8.92,TC,1730745111
406,fabens,31.5023,-106.1586,12.55,29,77,12.36,US,1730745112
407,sitangkai,4.6628,119.3928,27.83,77,100,2.5,PH,1730745113
408,kaset sombun,16.2805,101.9542,22.23,85,95,2.09,TH,1730745114
409,margate,51.3813,1.3862,10.49,86,100,3.53,GB,1730745032
410,mehun-sur-yevre,47.1378,2.2111,12.27,83,0,2.51,FR,1730745117
411,selfoss,63.9331,-20.9971,7.8,88,100,3.47,IS,1730745118
412,abadan,30.3392,48.3043,24.97,50,20,0.0,IR,1730745119
413,karratha,-20.7377,116.8463,30.67,28,0,4.13,AU,1730745077
414,yerofey pavlovich,53.9667,121.9667,-13.79,88,2,1.79,RU,1730745121
415,hami,42.8,93.45,9.41,30,0,1.13,CN,1730745122
416,hailun,47.45,126.9333,-1.47,62,100,0.84,CN,1730745123
417,rabaul,-4.1967,152.1721,26.27,78,100,1.26,PG,1730745124
418,zhukovka,53.534,33.728,-2.56,89,87,5.02,RU,1730745125
419,canton,23.1167,113.25,23.54,57,97,4.68,CN,1730745126
420,proletariy,58.4342,31.7046,-0.79,88,16,4.16,RU,1730745128
421,christchurch,-43.5333,172.6333,14.97,84,40,2.06,NZ,1730744855
422,kas,36.2018,29.6377,18.16,78,1,3.52,TR,1730745130
423,javanrud,34.7961,46.5172,10.41,86,0,1.51,IR,1730745131
424,alotau,-10.3069,150.4462,23.82,95,56,0.87,PG,1730745132
425,leeton,-34.5667,146.4,12.27,55,0,1.95,AU,1730745133
426,kill devil hills,36.0307,-75.676,20.55,76,0,6.17,US,1730745134
427,darwin,-12.4611,130.8418,25.99,89,99,0.0,AU,1730745004
428,miranda,3.2499,-76.2281,25.35,69,100,2.14,CO,1730745136
429,kirakira,-10.4544,161.9205,26.24,88,91,2.18,SB,1730745137
430,razole,16.4833,81.8333,22.99,78,71,1.15,IN,1730745138
431,kambove,-10.8764,26.5969,17.74,94,100,2.74,CD,1730745140
432,igarka,67.4667,86.5833,-7.45,93,17,5.48,RU,1730745141
433,umba,66.6871,34.3429,-0.42,76,27,6.56,RU,1730745142
434,vadso,70.0744,29.7487,-0.91,86,75,5.66,NO,1730745143
435,zhangjiakou shi xuanhua qu,40.6103,115.0447,2.05,36,2,1.44,CN,1730745144
436,iquique,-20.2208,-70.1431,19.22,75,28,3.74,CL,1730745145
437,gannan,47.9147,123.5031,-3.84,64,12,4.56,CN,1730745146
438,igarape acu,-1.1289,-47.62,34.57,34,79,6.71,BR,1730745147
439,ola,59.5833,151.2833,-12.14,72,85,5.82,RU,1730745149
440,faya-largeau,17.9257,19.1043,23.89,22,0,7.71,TD,1730745150
441,sos'va,59.1766,61.8558,-1.38,64,100,4.68,RU,1730745151
442,masallatah,32.6167,14.0,19.48,77,4,2.71,LY,1730745152
443,shalazhi,43.0978,45.3608,3.8,74,5,1.16,RU,1730745153
444,akureyri,65.6835,-18.0878,7.96,76,20,4.63,IS,1730745154
445,greenland,43.0362,-70.8328,9.49,66,100,0.45,US,1730745155
446,sant antoni de portmany,38.9807,1.3036,21.16,90,20,2.06,ES,1730745156
447,kaeng khoi,14.5862,100.9976,26.33,78,67,4.25,TH,1730745157
448,eudora,38.9433,-95.0986,18.15,93,100,4.63,US,1730745158
449,krotovka,53.2858,51.1686,-1.51,97,100,2.37,RU,1730745159
450,jalqani,12.4486,34.2186,28.15,26,26,2.49,SD,1730745161
451,kansk,56.2017,95.7175,0.23,82,100,2.29,RU,1730745162
452,malango,-2.9627,119.9001,18.06,97,100,1.11,ID,1730745163
453,cadale,2.7603,46.3222,26.57,84,27,3.56,SO,1730745164
454,dogonbadan,30.3586,50.7981,22.05,49,40,0.0,IR,1730745165
455,martuk,50.7475,56.5056,-0.25,60,100,3.83,KZ,1730745167
456,san patricio,28.017,-97.5169,29.97,67,100,10.45,US,1730745170
457,auki,-8.7676,160.7034,24.62,90,100,1.85,SB,1730745171
458,linxia chengguanzhen,35.6003,103.2064,5.36,66,0,1.03,CN,1730745172
459,albertina,-22.2008,-46.6158,18.72,97,100,1.92,BR,1730745173
460,ts'nori,41.6209,45.9694,7.71,63,60,2.52,GE,1730745174
461,maumere,-8.6199,122.2111,26.73,79,81,2.9,ID,1730745175
462,magadan,59.5667,150.8,-12.08,71,86,4.97,RU,1730745176
463,sao joao da barra,-21.6403,-41.0511,27.05,85,99,7.25,BR,1730745177
464,adjumani,3.3779,31.7909,20.68,92,100,0.99,UG,1730745178
465,shimoda,34.6667,138.95,20.13,74,100,5.25,JP,1730745180
466,sandnessjoen,66.0217,12.6316,8.39,97,100,10.14,NO,1730745181
467,eydhafushi,5.1033,73.0708,27.23,78,100,4.48,MV,1730745183
468,bahia honda,22.9036,-83.1592,28.93,58,0,6.06,CU,1730745185
469,bodo,67.28,14.405,4.02,93,75,6.17,NO,1730745186
470,rye,40.9807,-73.6837,14.69,60,40,5.14,US,1730745054
471,chelm,51.1431,23.4716,3.31,61,55,2.6,PL,1730745188
472,codrington,-38.2667,141.9667,6.5,91,1,2.79,AU,1730745189
473,makurazaki,31.2667,130.3167,16.34,92,97,6.66,JP,1730745190
474,kwekwe,-18.9281,29.8149,26.02,23,6,1.86,ZW,1730745192
475,monrovia,6.3005,-10.7969,27.13,81,99,4.53,LR,1730745045
476,mondim de basto,41.4135,-7.9548,17.33,77,99,1.77,PT,1730745195
477,acajutla,13.5928,-89.8275,28.52,73,22,2.42,SV,1730745196
478,ust'-ilimsk,58.0006,102.6619,-1.12,84,100,2.03,RU,1730745197
479,santiago juxtlahuaca,17.3333,-98.0167,20.07,78,91,1.7,MX,1730745198
480,kuanda,56.3161,116.0806,-17.7,96,61,0.49,RU,1730745199
481,novo aripuana,-5.1206,-60.3797,29.9,57,100,1.09,BR,1730745200
482,annaba,36.9,7.7667,20.98,88,0,3.6,DZ,1730745201
483,oudtshoorn,-33.5907,22.2014,9.47,81,28,2.72,ZA,1730745204
484,gaalkacyo,6.7697,47.4308,26.79,59,11,7.85,SO,1730745205
485,i-n-salah,27.1935,2.4607,29.69,14,100,2.55,DZ,1730745206
486,khovd,48.0056,91.6419,-1.18,66,86,0.74,MN,1730745207
487,portland,45.5234,-122.6762,10.45,89,98,4.92,US,1730744857
488,bamboo flat,11.7,92.7167,27.05,83,20,2.57,IN,1730745209
489,caleta de carquin,-11.0925,-77.6267,20.48,78,66,5.14,PE,1730745210
490,felege neway,6.3,36.8833,18.01,86,100,1.22,ET,1730745211
491,pangai,-19.8,-174.35,22.06,88,100,6.69,TO,1730745212
492,buritis,-15.6178,-46.4233,27.8,68,100,0.46,BR,1730745214
493,pathein,16.7833,94.7333,23.74,92,13,1.91,MM,1730745215
494,bodaybo,57.8506,114.1933,-18.96,100,76,0.92,RU,1730745216
495,homer,59.6425,-151.5483,2.11,70,75,5.36,US,1730745219
496,taghazout,30.5426,-9.7112,22.67,44,56,2.76,MA,1730745220
497,xining,36.6167,101.7667,3.43,71,0,0.73,CN,1730745221
498,asau,46.4333,26.4,2.38,78,12,1.68,RO,1730745223
499,burang,30.25,81.1667,0.89,80,5,0.22,CN,1730745224
500,port moresby,-9.4431,147.1797,25.68,94,75,2.57,PG,1730745225
501,jaru,-10.4389,-62.4664,35.44,38,99,2.91,BR,1730745226
502,jorpeland,59.0225,6.0408,9.42,99,99,1.38,NO,1730745227
503,volda,62.1476,6.0741,11.96,89,100,2.09,NO,1730745228
504,kyzylorda,44.8528,65.5092,2.01,87,0,2.0,KZ,1730745229
505,banfora,10.6333,-4.7667,26.88,35,21,2.24,BF,1730745230
506,kavieng,-2.5744,150.7967,27.42,74,100,0.21,PG,1730745231
507,sandersdorf,51.6333,12.2667,8.71,96,93,2.23,DE,1730745232
508,youkounkoun,12.5333,-13.1333,28.52,46,4,0.66,GN,1730745234
509,arroio dos ratos,-30.0772,-51.7292,28.84,57,37,3.15,BR,1730745235
510,quepos,9.4236,-84.1652,24.6,92,100,1.38,CR,1730745236
511,hutchinson,38.0608,-97.9298,15.97,99,100,2.57,US,1730745237
512,east ballina,-28.8667,153.5833,20.11,94,10,4.29,AU,1730745238
513,cromer,52.9312,1.2989,11.0,87,100,2.24,GB,1730745239
514,beihai,21.4833,109.1,20.51,90,99,7.08,CN,1730745240
515,mccook,40.2019,-100.6257,10.03,57,75,8.75,US,1730745241
516,talugtug,15.7778,120.8111,22.66,88,100,1.1,PH,1730745242
517,birjand,32.8663,59.2211,17.26,25,0,3.09,IR,1730745243
518,rajshahi,24.3667,88.6,23.68,73,0,1.15,BD,1730745244
519,balikpapan,-1.2675,116.8289,24.55,83,40,2.06,ID,1730745246
520,brookhaven,31.5791,-90.4407,27.92,60,81,5.14,US,1730745247
521,sitionuevo,10.7774,-74.7205,30.09,74,40,5.14,CO,1730745248
522,cruzeiro do sul,-29.5128,-51.9853,30.84,71,100,1.17,BR,1730745249
523,bayanhongor,46.7167,100.1167,-15.55,84,20,1.85,MN,1730745250
524,ulaangom,49.9811,92.0667,-2.66,75,100,0.93,MN,1730745251
525,montrose,38.4166,-108.2673,-1.06,67,92,3.61,US,1730745252
526,mount pearl,47.5166,-52.7813,2.86,68,100,7.2,CA,1730745253
527,nuku'alofa,-21.1333,-175.2,22.19,88,75,4.12,TO,1730745254
528,lupane,-18.9315,27.807,27.2,28,64,1.11,ZW,1730745255
529,assai,-23.3733,-50.8414,26.92,74,89,3.53,BR,1730745256
530,port alberni,49.2413,-124.8028,11.07,86,38,3.58,CA,1730745258
531,bisceglie,41.242,16.5044,17.77,73,7,1.52,IT,1730745259
532,sumbawa besar,-8.5,117.4333,22.7,86,22,1.85,ID,1730745260
533,nieves,15.3274,120.9485,23.44,92,11,1.13,PH,1730745261
534,katsuura,35.1333,140.3,20.94,73,0,6.04,JP,1730745262
535,lospalos,-8.5186,127.0025,22.27,93,100,1.8,TL,1730745263
536,huaihua,27.5494,109.9592,15.82,65,16,1.85,CN,1730745264
537,saraktash,51.7866,51.7866,-1.69,97,100,5.99,RU,1730745265
538,abohar,30.15,74.1833,23.91,25,0,1.82,IN,1730745266
539,jhinjhak,26.5667,79.7333,23.59,32,0,1.53,IN,1730745267
540,pacasmayo,-7.4006,-79.5714,21.16,74,100,7.72,PE,1730745269
541,kawambwa,-9.7915,29.0791,19.57,77,32,1.45,ZM,1730745270
542,abaete,-19.16,-45.4458,21.52,90,100,2.31,BR,1730745271
543,kodinsk,58.6881,99.1844,-0.89,94,99,2.25,RU,1730745272
544,grand falls-windsor,48.9332,-55.6649,1.39,63,99,1.79,CA,1730745273
545,nova vicosa,-17.8919,-39.3719,26.69,69,12,5.51,BR,1730745274
546,queenstown,-31.8976,26.8753,6.63,84,100,5.37,ZA,1730745275
547,kanniyakumari,8.0833,77.5667,26.67,77,100,1.6,IN,1730745276
548,biloela,-24.4167,150.5,18.08,91,2,1.3,AU,1730745277
549,jinghong,21.991,100.7341,17.84,78,44,0.92,CN,1730745278
550,verkhnevilyuysk,63.4453,120.3167,-24.21,100,81,1.2,RU,1730745280
551,sinabang,2.4803,96.3801,25.67,85,100,0.84,ID,1730745281
552,arica,-18.475,-70.3042,21.13,56,0,6.69,CL,1730745171
553,baardheere,2.3446,42.2764,26.5,75,87,3.11,SO,1730745283
